GitHub da equipe,,,
Preencha uma linha por pessoa. Informe seu usuário do GitHub sem @; não coloque senha nem token.,,,
,,,
Nome,E-mail ,Usuário do GitHub,Observações
Fernando Eduardo Pollheim,fepollheim@gmail.com,fep84,
Matheus França,matheusfranca510@gmail.com,Matheus-Franca,
Gustavo Motta,ggustavofaustino@gmail.com,GustMotta,
Diego Lima Tavares Ursini,di.ursini@gmail.com,diegolimatavaresursini,
Guilherme Scherer,guilhermescherer@gmail.com,schererLummertz,
Romulo Trindade,romulopoa@hotmail.com,Romulotri,
Genuir Luiz Formenton,genuirmytc@gmail.com,genuirmytc-maker,
Estefânia E. S. Hermel,fanihermel@gmail.com,StefaniHermel,